accuracy,precision,recall,f1,roc_auc,confusion_matrix,model_name,algorithm,algorithm_label,train_rows,test_rows,positive_rate
0.6384,0.2451,0.8211,0.3776,0.7833,"[[146493, 93561], [6619, 30383]]",diabetes,xgboost,XGBoost,1108220,277056,0.1336
0.6392,0.2452,0.8188,0.3774,0.7833,"[[146793, 93261], [6704, 30298]]",diabetes,lightgbm,LightGBM,1108220,277056,0.1336
0.6458,0.2465,0.8033,0.3773,0.7803,"[[149211, 90843], [7279, 29723]]",diabetes,random_forest,RandomForest,1108220,277056,0.1336
0.7238,0.5316,0.8181,0.6445,0.8255,"[[131202, 61093], [15416, 69342]]",hypertension,lightgbm,LightGBM,1108212,277053,0.3059
0.7233,0.531,0.8182,0.644,0.8255,"[[131040, 61255], [15406, 69352]]",hypertension,xgboost,XGBoost,1108212,277053,0.3059
0.7186,0.5257,0.8204,0.6408,0.82,"[[129545, 62750], [15219, 69539]]",hypertension,random_forest,RandomForest,1108212,277053,0.3059
0.6071,0.4064,0.5986,0.4841,0.6485,"[[115485, 73557], [33766, 50360]]",obesity,lightgbm,LightGBM,1092671,273168,0.308
0.6068,0.4062,0.5993,0.4842,0.6481,"[[115348, 73694], [33711, 50415]]",obesity,xgboost,XGBoost,1092671,273168,0.308
0.6062,0.4053,0.596,0.4825,0.6466,"[[115455, 73587], [33983, 50143]]",obesity,random_forest,RandomForest,1092671,273168,0.308
