year,column
2025,examin_year
2025,exmprs_no
2025,age
2025,sex
2025,ctprvn_code
2025,pbhlth_code
2025,spot_no
2025,hshld_code
2025,mbhld_code
2025,dong_ty_code
2025,house_ty_code
2025,signgu_code
2025,kstrata
2025,wt_h
2025,wt_p
2025,mbhld_co
2025,reside_adult_co
2025,fma_19z3
2025,fma_04z1
2025,fma_12z1
2025,fma_13z1
2025,fma_14z1
2025,fma_24z2
2025,nue_01z1
2025,fma_27z1
2025,fma_26z1
2025,fma_34z1
2025,qoa_01z1
2025,smf_01z1
2025,sma_01z1
2025,sma_03z2
2025,smb_01z1
2025,smb_02z1
2025,smb_03z1
2025,sma_36z1
2025,sma_37z1
2025,smb_11z1
2025,smb_12z1
2025,smb_13z1
2025,sma_08z1
2025,sma_11z2
2025,sma_12z2
2025,smd_02z3
2025,smd_01z4
2025,smc_08z2
2025,smc_09z2
2025,smc_10z2
2025,smc_07z3
2025,smc_07z4
2025,smd_08z1
2025,dra_01z1
2025,drb_01z3
2025,drb_03z1
2025,drb_16z1
2025,drb_04z1
2025,drb_05z1
2025,drg_01z3
2025,dre_03z1
2025,dre_04z1
2025,sfa_02z3
2025,sfb_05z2
2025,sfa_12z2
2025,sfb_07z1
2025,sfa_06z2
2025,sfb_03z2
2025,sfa_08z2
2025,sfa_14z1
2025,pha_04z1
2025,pha_05z1
2025,pha_06z1
2025,pha_07z1
2025,pha_08z1
2025,pha_09z1
2025,phb_01z1
2025,phb_02z1
2025,phb_03z1
2025,pha_19z1
2025,nua_01z2
2025,nuc_02z1
2025,nuc_01z2
2025,nuc_03z1
2025,oba_02z1
2025,oba_03z1
2025,oba_01z1
2025,obb_01z1
2025,cva_11z2
2025,cva_12z1
2025,cva_14z2
2025,cva_16z2
2025,cva_17z1
2025,mya_10z2
2025,mya_11z2
2025,mya_12z2
2025,mya_14z1
2025,mya_15z1
2025,hia_03z1
2025,hia_01z1
2025,hia_02z1
2025,ora_01z1
2025,orb_01z1
2025,ord_01d2
2025,ord_05z1
2025,ord_01f3
2025,ore_02z2
2025,ore_03z2
2025,ore_05z1
2025,ore_10z1
2025,mtc_17z1
2025,mtc_18z1
2025,mta_01z1
2025,mta_02z1
2025,mtb_01z1
2025,mtb_02z1
2025,mtb_07a1
2025,mtb_07b1
2025,mtb_07c1
2025,mtb_07d1
2025,mtb_07e1
2025,mtb_07f1
2025,mtb_07g1
2025,mtb_07h1
2025,mtb_07i1
2025,mtj_05z2
2025,mtj_06z2
2025,mtj_09z2
2025,mtj_10z1
2025,mtj_11z1
2025,mtg_01z1
2025,mtg_02z1
2025,mti_01z1
2025,sca_01z1
2025,scb_01z1
2025,scc_01z1
2025,hya_19z1
2025,hya_04z1
2025,hya_14c2
2025,hya_14a2
2025,hya_14b2
2025,hya_10z1
2025,hya_11a2
2025,hya_11c2
2025,hya_11d2
2025,dia_19z1
2025,dia_04z1
2025,dia_13c2
2025,dia_13b2
2025,dia_13a2
2025,dia_09z1
2025,dia_10a2
2025,dia_10c2
2025,dia_10d2
2025,dia_22z2
2025,dia_14z1
2025,dia_15z1
2025,osa_04z1
2025,osa_06z1
2025,osa_09a1
2025,osa_09b1
2025,osa_09c1
2025,sra_01z3
2025,sra_02z2
2025,irb_01z1
2025,irb_02z1
2025,irb_04z1
2025,ira_01z1
2025,ira_02z1
2025,i1a_04z2
2025,i2a_04z2
2025,i3a_04z2
2025,i4a_04z2
2025,i5a_04z2
2025,qoc_07z1
2025,qoa_02z1
2025,qoa_04z1
2025,qoa_05z1
2025,qoc_01z1
2025,qoc_02z1
2025,qoc_03z1
2025,qoc_04z1
2025,qoc_05z1
2025,hma_01z3
2025,ena_01a1
2025,ena_01b1
2025,ena_01c1
2025,ena_01d1
2025,ena_01e1
2025,ena_01f1
2025,ena_01g1
2025,enb_01z1
2025,enb_02z1
2025,enb_03z1
2025,hwa_02z1
2025,hwa_04z1
2025,hwa_05z1
2025,fea_01z2
2025,sob_01z1
2025,sob_02z1
2025,soa_01z1
2025,soa_06z2
2025,soa_07z1
2025,sod_02z3
